instance_id,resolved
astropy__astropy-12907,1
astropy__astropy-13033,0
astropy__astropy-13236,0
astropy__astropy-13398,0
astropy__astropy-13453,1
astropy__astropy-13579,1
astropy__astropy-13977,0
astropy__astropy-14096,1
astropy__astropy-14182,1
astropy__astropy-14309,1
astropy__astropy-14365,0
astropy__astropy-14369,0
astropy__astropy-14508,1
astropy__astropy-14539,1
astropy__astropy-14598,0
astropy__astropy-14995,1
astropy__astropy-7166,1
astropy__astropy-7336,1
astropy__astropy-7606,0
astropy__astropy-7671,1
astropy__astropy-8707,0
astropy__astropy-8872,0
django__django-10097,0
django__django-10554,0
django__django-10880,1
django__django-10914,1
django__django-10973,1
django__django-10999,0
django__django-11066,1
django__django-11087,0
django__django-11095,1
django__django-11099,1
django__django-11119,1
django__django-11133,1
django__django-11138,1
django__django-11141,1
django__django-11149,1
django__django-11163,1
django__django-11179,1
django__django-11206,1
django__django-11211,1
django__django-11239,1
django__django-11265,0
django__django-11276,1
django__django-11292,1
django__django-11299,1
django__django-11333,1
django__django-11400,0
django__django-11433,0
django__django-11451,1
django__django-11477,0
django__django-11490,1
django__django-11532,1
django__django-11551,1
django__django-11555,1
django__django-11603,1
django__django-11728,1
django__django-11734,0
django__django-11740,1
django__django-11749,1
django__django-11790,1
django__django-11815,1
django__django-11820,0
django__django-11848,1
django__django-11880,1
django__django-11885,0
django__django-11951,1
django__django-11964,1
django__django-11999,1
django__django-12039,1
django__django-12050,1
django__django-12125,1
django__django-12143,1
django__django-12155,1
django__django-12193,1
django__django-12209,1
django__django-12262,1
django__django-12273,1
django__django-12276,1
django__django-12304,1
django__django-12308,0
django__django-12325,1
django__django-12406,0
django__django-12419,1
django__django-12663,0
django__django-12708,1
django__django-12713,1
django__django-12741,1
django__django-12754,1
django__django-12774,1
django__django-12858,1
django__django-12965,1
django__django-13012,1
django__django-13023,1
django__django-13028,1
django__django-13033,1
django__django-13089,1
django__django-13109,1
django__django-13112,1
django__django-13121,1
django__django-13128,1
django__django-13158,1
django__django-13195,0
django__django-13212,0
django__django-13279,1
django__django-13297,1
django__django-13315,1
django__django-13343,1
django__django-13344,0
django__django-13346,1
django__django-13363,1
django__django-13401,1
django__django-13406,1
django__django-13410,1
django__django-13417,1
django__django-13449,1
django__django-13512,1
django__django-13513,0
django__django-13516,1
django__django-13551,1
django__django-13568,1
django__django-13569,1
django__django-13590,1
django__django-13658,1
django__django-13670,1
django__django-13741,1
django__django-13786,1
django__django-13794,0
django__django-13807,1
django__django-13809,1
django__django-13810,1
django__django-13820,1
django__django-13821,1
django__django-13837,1
django__django-13925,1
django__django-13933,1
django__django-13964,1
django__django-14007,1
django__django-14011,0
django__django-14017,1
django__django-14034,0
django__django-14053,1
django__django-14089,1
django__django-14122,1
django__django-14140,0
django__django-14155,0
django__django-14170,0
django__django-14238,1
django__django-14311,1
django__django-14315,0
django__django-14349,1
django__django-14351,0
django__django-14373,1
django__django-14376,0
django__django-14404,0
django__django-14434,1
django__django-14493,1
django__django-14500,1
django__django-14534,1
django__django-14539,1
django__django-14559,1
django__django-14580,1
django__django-14608,1
django__django-14631,1
django__django-14672,1
django__django-14725,1
django__django-14752,1
django__django-14765,1
django__django-14771,1
django__django-14787,1
django__django-14792,0
django__django-14855,1
django__django-14915,1
django__django-14999,1
django__django-15022,1
django__django-15037,1
django__django-15098,0
django__django-15103,1
django__django-15104,1
django__django-15127,1
django__django-15128,1
django__django-15161,1
django__django-15252,0
django__django-15268,1
django__django-15277,1
django__django-15278,1
django__django-15280,1
django__django-15315,1
django__django-15368,1
django__django-15375,1
django__django-15380,1
django__django-15382,1
django__django-15467,1
django__django-15499,1
django__django-15503,0
django__django-15525,1
django__django-15554,0
django__django-15561,1
django__django-15563,0
django__django-15569,1
django__django-15572,1
django__django-15629,0
django__django-15695,1
django__django-15731,1
django__django-15732,0
django__django-15741,1
django__django-15814,1
django__django-15851,1
django__django-15863,1
django__django-15916,1
django__django-15930,1
django__django-15957,1
django__django-15973,1
django__django-15987,1
django__django-16032,1
django__django-16082,1
django__django-16100,1
django__django-16116,1
django__django-16136,1
django__django-16139,1
django__django-16145,1
django__django-16255,1
django__django-16256,0
django__django-16263,0
django__django-16315,1
django__django-16333,1
django__django-16429,1
django__django-16454,1
django__django-16485,1
django__django-16493,1
django__django-16502,0
django__django-16527,1
django__django-16560,1
django__django-16569,1
django__django-16595,1
django__django-16612,1
django__django-16631,0
django__django-16642,1
django__django-16661,1
django__django-16662,1
django__django-16667,0
django__django-16801,1
django__django-16819,1
django__django-16877,1
django__django-16899,1
django__django-16901,1
django__django-16938,1
django__django-16950,0
django__django-17029,1
django__django-17084,1
django__django-17087,1
django__django-7530,1
django__django-9296,1
matplotlib__matplotlib-13989,1
matplotlib__matplotlib-14623,1
matplotlib__matplotlib-20488,1
matplotlib__matplotlib-20676,1
matplotlib__matplotlib-20826,1
matplotlib__matplotlib-20859,1
matplotlib__matplotlib-21568,0
matplotlib__matplotlib-22719,1
matplotlib__matplotlib-22865,1
matplotlib__matplotlib-22871,1
matplotlib__matplotlib-23299,0
matplotlib__matplotlib-23314,1
matplotlib__matplotlib-23412,1
matplotlib__matplotlib-23476,1
matplotlib__matplotlib-24026,1
matplotlib__matplotlib-24149,1
matplotlib__matplotlib-24177,0
matplotlib__matplotlib-24570,1
matplotlib__matplotlib-24627,1
matplotlib__matplotlib-24637,1
matplotlib__matplotlib-24870,0
matplotlib__matplotlib-24970,1
matplotlib__matplotlib-25122,1
matplotlib__matplotlib-25287,1
matplotlib__matplotlib-25311,0
matplotlib__matplotlib-25332,1
matplotlib__matplotlib-25479,0
matplotlib__matplotlib-25775,1
matplotlib__matplotlib-25960,1
matplotlib__matplotlib-26113,1
matplotlib__matplotlib-26208,0
matplotlib__matplotlib-26291,1
matplotlib__matplotlib-26342,1
matplotlib__matplotlib-26466,0
mwaskom__seaborn-3069,1
mwaskom__seaborn-3187,1
pallets__flask-5014,1
psf__requests-1142,1
psf__requests-1724,1
psf__requests-1766,1
psf__requests-1921,1
psf__requests-2317,1
psf__requests-2931,1
psf__requests-5414,1
psf__requests-6028,1
pydata__xarray-2905,1
pydata__xarray-3095,1
pydata__xarray-3151,1
pydata__xarray-3305,1
pydata__xarray-3677,1
pydata__xarray-3993,1
pydata__xarray-4075,1
pydata__xarray-4094,1
pydata__xarray-4356,1
pydata__xarray-4629,1
pydata__xarray-4687,0
pydata__xarray-4695,1
pydata__xarray-4966,1
pydata__xarray-6461,1
pydata__xarray-6599,1
pydata__xarray-6721,1
pydata__xarray-6744,1
pydata__xarray-6938,1
pydata__xarray-6992,0
pydata__xarray-7229,0
pydata__xarray-7233,1
pydata__xarray-7393,1
pylint-dev__pylint-4551,0
pylint-dev__pylint-4604,0
pylint-dev__pylint-4661,0
pylint-dev__pylint-4970,0
pylint-dev__pylint-6386,1
pylint-dev__pylint-6528,1
pylint-dev__pylint-6903,1
pylint-dev__pylint-7080,0
pylint-dev__pylint-7277,1
pylint-dev__pylint-8898,1
pytest-dev__pytest-10051,1
pytest-dev__pytest-10081,1
pytest-dev__pytest-10356,1
pytest-dev__pytest-5262,1
pytest-dev__pytest-5631,1
pytest-dev__pytest-5787,1
pytest-dev__pytest-5809,1
pytest-dev__pytest-5840,0
pytest-dev__pytest-6197,1
pytest-dev__pytest-6202,1
pytest-dev__pytest-7205,1
pytest-dev__pytest-7236,1
pytest-dev__pytest-7324,1
pytest-dev__pytest-7432,1
pytest-dev__pytest-7490,1
pytest-dev__pytest-7521,1
pytest-dev__pytest-7571,1
pytest-dev__pytest-7982,1
pytest-dev__pytest-8399,1
scikit-learn__scikit-learn-10297,1
scikit-learn__scikit-learn-10844,1
scikit-learn__scikit-learn-10908,1
scikit-learn__scikit-learn-11310,1
scikit-learn__scikit-learn-11578,1
scikit-learn__scikit-learn-12585,1
scikit-learn__scikit-learn-12682,1
scikit-learn__scikit-learn-12973,1
scikit-learn__scikit-learn-13124,1
scikit-learn__scikit-learn-13135,1
scikit-learn__scikit-learn-13142,1
scikit-learn__scikit-learn-13328,1
scikit-learn__scikit-learn-13439,1
scikit-learn__scikit-learn-13496,1
scikit-learn__scikit-learn-13779,1
scikit-learn__scikit-learn-14053,1
scikit-learn__scikit-learn-14087,1
scikit-learn__scikit-learn-14141,1
scikit-learn__scikit-learn-14496,1
scikit-learn__scikit-learn-14629,1
scikit-learn__scikit-learn-14710,0
scikit-learn__scikit-learn-14894,1
scikit-learn__scikit-learn-14983,1
scikit-learn__scikit-learn-15100,1
scikit-learn__scikit-learn-25102,1
scikit-learn__scikit-learn-25232,1
scikit-learn__scikit-learn-25747,1
scikit-learn__scikit-learn-25931,1
scikit-learn__scikit-learn-25973,1
scikit-learn__scikit-learn-26194,0
scikit-learn__scikit-learn-26323,1
scikit-learn__scikit-learn-9288,1
sphinx-doc__sphinx-10323,1
sphinx-doc__sphinx-10435,0
sphinx-doc__sphinx-10449,1
sphinx-doc__sphinx-10466,1
sphinx-doc__sphinx-10614,0
sphinx-doc__sphinx-10673,1
sphinx-doc__sphinx-11445,1
sphinx-doc__sphinx-11510,0
sphinx-doc__sphinx-7440,1
sphinx-doc__sphinx-7454,1
sphinx-doc__sphinx-7462,0
sphinx-doc__sphinx-7590,0
sphinx-doc__sphinx-7748,0
sphinx-doc__sphinx-7757,1
sphinx-doc__sphinx-7889,1
sphinx-doc__sphinx-7910,1
sphinx-doc__sphinx-7985,0
sphinx-doc__sphinx-8035,1
sphinx-doc__sphinx-8056,1
sphinx-doc__sphinx-8120,1
sphinx-doc__sphinx-8265,1
sphinx-doc__sphinx-8269,1
sphinx-doc__sphinx-8459,1
sphinx-doc__sphinx-8475,1
sphinx-doc__sphinx-8548,1
sphinx-doc__sphinx-8551,1
sphinx-doc__sphinx-8593,1
sphinx-doc__sphinx-8595,0
sphinx-doc__sphinx-8621,1
sphinx-doc__sphinx-8638,1
sphinx-doc__sphinx-8721,1
sphinx-doc__sphinx-9229,0
sphinx-doc__sphinx-9230,1
sphinx-doc__sphinx-9258,1
sphinx-doc__sphinx-9281,1
sphinx-doc__sphinx-9320,1
sphinx-doc__sphinx-9367,1
sphinx-doc__sphinx-9461,0
sphinx-doc__sphinx-9591,1
sphinx-doc__sphinx-9602,0
sphinx-doc__sphinx-9658,1
sphinx-doc__sphinx-9673,1
sphinx-doc__sphinx-9698,1
sphinx-doc__sphinx-9711,0
sympy__sympy-11618,1
sympy__sympy-12096,1
sympy__sympy-12419,1
sympy__sympy-12481,1
sympy__sympy-12489,1
sympy__sympy-13031,0
sympy__sympy-13091,0
sympy__sympy-13372,1
sympy__sympy-13480,1
sympy__sympy-13551,0
sympy__sympy-13615,0
sympy__sympy-13647,1
sympy__sympy-13757,1
sympy__sympy-13798,0
sympy__sympy-13852,0
sympy__sympy-13877,1
sympy__sympy-13878,1
sympy__sympy-13974,0
sympy__sympy-14248,0
sympy__sympy-14531,1
sympy__sympy-14711,1
sympy__sympy-14976,1
sympy__sympy-15017,1
sympy__sympy-15345,1
sympy__sympy-15349,1
sympy__sympy-15599,0
sympy__sympy-15809,1
sympy__sympy-15875,1
sympy__sympy-15976,1
sympy__sympy-16450,1
sympy__sympy-16597,0
sympy__sympy-16766,1
sympy__sympy-16792,1
sympy__sympy-16886,1
sympy__sympy-17139,1
sympy__sympy-17318,1
sympy__sympy-17630,0
sympy__sympy-17655,1
sympy__sympy-18189,1
sympy__sympy-18199,0
sympy__sympy-18211,1
sympy__sympy-18698,1
sympy__sympy-18763,0
sympy__sympy-19040,1
sympy__sympy-19346,1
sympy__sympy-19495,1
sympy__sympy-19637,1
sympy__sympy-19783,1
sympy__sympy-19954,1
sympy__sympy-20154,1
sympy__sympy-20428,0
sympy__sympy-20438,0
sympy__sympy-20590,1
sympy__sympy-20801,1
sympy__sympy-20916,1
sympy__sympy-21379,0
sympy__sympy-21596,0
sympy__sympy-21612,0
sympy__sympy-21847,1
sympy__sympy-21930,0
sympy__sympy-22080,0
sympy__sympy-22456,1
sympy__sympy-22714,1
sympy__sympy-22914,1
sympy__sympy-23262,1
sympy__sympy-23413,1
sympy__sympy-23534,1
sympy__sympy-23824,1
sympy__sympy-23950,1
sympy__sympy-24066,1
sympy__sympy-24213,1
sympy__sympy-24443,1
sympy__sympy-24539,1
sympy__sympy-24562,1
sympy__sympy-24661,1
